-- TopFO 种子数据迁移 v3
-- 从 data.js / rankings.js 自动生成
-- 生成时间: 2026-07-09T03:35:42.749Z

-- 清空旧数据（按外键约束顺序）
DELETE FROM rankings;
DELETE FROM programs;
DELETE FROM schools;

-- ========================================
-- 学校数据
-- ========================================
INSERT INTO schools (id, name, city, province, tier, deadline, tuition, tuition_rmb, is_foundation) VALUES
(1, '多大·圣乔治', '多伦多', 'ON', 't1', '1月15日(热门)/3月31日', '42,000-62,000', '21-34万', 0),
(2, 'UBC·温哥华', '温哥华', 'BC', 't1', '1月15日', '40,000-48,000', '20-25万', 0),
(3, '麦吉尔', '蒙特利尔', 'QC', 't1', '1月15日', '34,000-45,000', '17-23万', 0),
(4, '滑铁卢', '滑铁卢', 'ON', 't1', '工程CS建议1月前/3月31日', '40,000-48,000', '20-25万', 0),
(5, '多大·士嘉堡(UTSC)', '多伦多(东)', 'ON', 't2', '3月2日(国际)', '67,700', '34万', 0),
(6, '多大·密西沙加(UTM)', '密西沙加', 'ON', 't2', '3月2日(国际)', '67,700', '34万', 0),
(7, 'UBC·Okanagan', '基洛纳', 'BC', 't2', '1月15日', '30,000-38,000', '15-19万', 0),
(8, '阿尔伯塔', '埃德蒙顿', 'AB', 't2', '3月1日(可延至4月)', '28,000-35,000', '14-18万', 0),
(9, '渥太华', '渥太华', 'ON', 't2', '3月31日', '32,000-40,000', '16-20万', 0),
(10, '韦士敦', '伦敦', 'ON', 't2', '3月31日(Ivey建议1月前)', '32,000-38,000', '16-19万', 0),
(11, '麦克马斯特', '哈密尔顿', 'ON', 't2', '热门1月关闭/3月31日', '34,000-42,000', '17-21万', 0),
(12, '皇后', '金斯顿', 'ON', 't2', '2月1日(国际生)', '34,000-42,000', '17-21万', 0),
(13, 'TMU(原Ryerson)', '多伦多', 'ON', 't2', '3月31日', '28,000-36,000', '14-18万', 0),
(14, 'Guelph', '圭尔夫', 'ON', 't2', '3月31日', '26,000-34,000', '13-17万', 0),
(15, '卡尔加里', '卡尔加里', 'AB', 't3', '3月1日(可延至4月15日)', '26,000-32,000', '13-16万', 0),
(16, 'SFU', '温哥华', 'BC', 't3', '2月28日', '26,000-34,000', '13-17万', 0),
(17, '维多利亚', '维多利亚', 'BC', 't3', '2月28日', '26,000-32,000', '13-16万', 0),
(18, '卡尔顿', '渥太华', 'ON', 't3', '3月31日', '26,000-34,000', '13-17万', 0),
(19, '约克', '多伦多', 'ON', 't3', '滚动录取', '26,000-34,000', '13-17万', 0),
(20, 'Laurier', '滑铁卢', 'ON', 't3', '3月31日', '24,000-30,000', '12-15万', 0),
(21, 'Brock', '圣凯瑟琳', 'ON', 't3', '滚动录取', '24,000-28,000', '12-14万', 0),
(22, '温莎', '温莎', 'ON', 't3', '滚动录取', '22,000-28,000', '11-14万', 0),
(23, '曼尼托巴', '温尼伯', 'MB', 't3', '3月1日', '18,000-24,000', '9-12万', 0),
(24, '戴尔豪斯', '哈利法克斯', 'NS', 't3', '4月1日', '20,000-26,000', '10-13万', 0),
(25, '萨省', '萨斯卡通', 'SK', 't3', '3月1日', '18,000-22,000', '9-11万', 0),
(26, '纽芬兰纪念', '圣约翰斯', 'NL', 't3', '3月1日(滚动)', '12,000-18,000', '6-9万', 0),
(27, '康考迪亚', '蒙特利尔', 'QC', 't3', '2月1日(部分滚动)', '22,000-28,000', '11-14万', 0),
(28, 'UNSW', '悉尼', 'AU', 'au', '滚动', '42,000', '约20万', 1),
(29, '昆士兰', '布里斯班', 'AU', 'au', '滚动', '36,000', '约18万', 1),
(30, '阿德莱德', '阿德莱德', 'AU', 'au', '滚动', '34,000', '约17万', 1);

-- ========================================
-- 专业数据
-- ========================================
INSERT INTO programs (school_id, category, gpa_min, label, ielts_min, has_coop, coop_note, dual_type, dual_thr, note, note_detail) VALUES
(1, 'eng', '92-95%', 'hard', '6.5', 1, 'PEY Co-op', NULL, NULL, '工程无IFP双录!须直录雅思6.5', '⚠️2026-27 IFP仅覆盖Arts&Science/建筑景观设计/音乐，不含Faculty of Applied Science&Engineering！工程必须直录雅思6.5(6.0)'),
(1, 'cs', '93%(comp)/97.2%(median)', 'hard', '6.5', 1, 'PEY Co-op', 'IFP(Arts&Sci/Arch/Music)', '5.0-6.5(写作5.5/单项≥5.0)', 'CS竞争均分93%但录取中位97.2%;IFP覆盖Arts&Sci含CS', '2026-27 IFP覆盖Arts&Science(含CS/数学/心理)、建筑景观设计、音乐；新门槛单项≥5.0你听力/阅读4.5未达标'),
(1, 'math', '85-90%', 'close', '6.5', 1, NULL, 'IFP(Arts&Sci/Arch/Music)', '5.0-6.5(写作5.5/单项≥5.0)', 'IFP含Arts&Sci数学;门槛单项≥5.0你不够', '2026-27 IFP覆盖Arts&Science(含数学)、建筑景观设计、音乐；新门槛单项≥5.0你听力/阅读4.5未达标'),
(1, 'psych', '85-90%', 'close', '6.5', 0, NULL, 'IFP(Arts&Sci/Arch/Music)', '5.0-6.5(写作5.5/单项≥5.0)', 'IFP含Arts&Sci心理;门槛单项≥5.0你不够', '2026-27 IFP覆盖Arts&Science(含心理)、建筑景观设计、音乐；新门槛单项≥5.0你听力/阅读4.5未达标'),
(1, 'biz', '92-95%', 'hard', '6.5', 1, 'Rotman Commerce', NULL, NULL, 'Rotman极难;不含IFP(排除)', 'Rotman需补充申请且均分93%+；IFP Arts&Sci不含Rotman Commerce'),
(1, 'health', '85-90%', 'close', '6.5', 0, NULL, 'IFP(Arts&Sci/Arch/Music)', '5.0-6.5(写作5.5/单项≥5.0)', 'IFP含Arts&Sci;门槛单项≥5.0你不够', '2026-27 IFP覆盖Arts&Science、建筑景观设计、音乐；新门槛单项≥5.0你听力/阅读4.5未达标'),
(1, 'sci', '85-90%', 'close', '6.5', 0, NULL, 'IFP(Arts&Sci/Arch/Music)', '5.0-6.5(写作5.5/单项≥5.0)', 'IFP含Arts&Sci理科;门槛单项≥5.0你不够', '2026-27 IFP覆盖Arts&Science、建筑景观设计、音乐；新门槛单项≥5.0你听力/阅读4.5未达标'),
(1, 'social', '80-85%', 'close', '6.5', 0, NULL, 'IFP(Arts&Sci/Arch/Music)', '5.0-6.5(写作5.5/单项≥5.0)', 'IFP含Arts&Sci社科;门槛单项≥5.0你不够', '2026-27 IFP覆盖Arts&Science、建筑景观设计、音乐；新门槛单项≥5.0你听力/阅读4.5未达标'),
(2, 'eng', '90-94%', 'hard', '6.5', 1, 'Engineering Co-op', 'Vantage', '5.0(单项4.5)', 'Vantage可双录', 'Vantage College提供工程/数学/物理方向双录，你雅思5.0已达标'),
(2, 'cs', '92-95%', 'hard', '6.5', 1, 'CS Co-op', 'Vantage', '5.0(单项4.5)', 'Vantage可双录', NULL),
(2, 'math', '85-90%', 'close', '6.5', 1, NULL, 'Vantage', '5.0(单项4.5)', '你雅思5.0已达标Vantage', NULL),
(2, 'psych', '85-90%', 'close', '6.5', 0, NULL, NULL, NULL, '须直录', 'UBC心理学无Vantage双录'),
(2, 'biz', '90-94%', 'hard', '6.5', 1, 'Sauder Co-op', NULL, NULL, 'Sauder极难+补充申请', '需Personal Profile+面试'),
(2, 'health', '85-90%', 'close', '6.5', 0, NULL, NULL, NULL, '须直录', NULL),
(2, 'sci', '85-90%', 'close', '6.5', 1, NULL, 'Vantage', '5.0(单项4.5)', '你雅思5.0已达标Vantage', NULL),
(2, 'social', '80-85%', 'close', '6.5', 0, NULL, NULL, NULL, '须直录', NULL),
(3, 'eng', '88-92%', 'hard', '6.5', 1, 'Engineering Co-op', NULL, NULL, '几乎无双录', NULL),
(3, 'cs', '93-95%', 'hard', '6.5', 1, NULL, NULL, NULL, '几乎无双录', NULL),
(3, 'math', '85-90%', 'close', '6.5', 0, NULL, NULL, NULL, '须直录', NULL),
(3, 'psych', '85-90%', 'close', '6.5', 0, NULL, NULL, NULL, '须直录', NULL),
(3, 'biz', '90-94%', 'hard', '6.5', 1, NULL, NULL, NULL, 'Desautels极难', '92%+需要补充申请'),
(3, 'health', '85-90%', 'close', '6.5', 0, NULL, NULL, NULL, '须直录', NULL),
(3, 'sci', '85-90%', 'close', '6.5', 0, NULL, NULL, NULL, '须直录', NULL),
(3, 'social', '80-85%', 'close', '6.5', 0, NULL, NULL, NULL, '须直录', NULL),
(4, 'eng', '90-95%', 'hard', '6.5', 1, '全球最强Co-op体系', 'BASE仅工程', '5.5(写作5.5)', 'BASE仅工程方向', 'BASE不含建筑/生物医学/系统设计'),
(4, 'cs', '97-98%', 'hard', '6.5', 1, '全球最强Co-op体系', NULL, NULL, 'CS几乎最难进', NULL),
(4, 'math', '85-90%', 'close', '6.5', 1, NULL, NULL, NULL, '须直录+高雅思', '写作口语6.5是高门槛'),
(4, 'psych', '80-85%', 'ok', '6.5', 0, NULL, NULL, NULL, '须直录', NULL),
(4, 'biz', '88-92%', 'hard', '6.5', 1, 'AFM Co-op', NULL, NULL, 'AFM需补充申请', NULL),
(4, 'health', '80-85%', 'ok', '6.5', 0, NULL, NULL, NULL, '须直录', NULL),
(4, 'sci', '80-85%', 'ok', '6.5', 1, NULL, NULL, NULL, '须直录', NULL),
(4, 'social', '75-80%', 'ok', '6.5', 0, NULL, NULL, NULL, '须直录', NULL),
(5, 'eng', NULL, 'na', '6.5', 0, NULL, NULL, NULL, '无传统工程', 'UTSC无Engineering本科'),
(5, 'cs', 'Low 90s(非Co-op)/High 90s(Co-op)', 'close', '6.5', 1, 'CS Co-op(3×4月)', NULL, NULL, '非Co-op踩线!Co-op差远', 'UTSC CS非Co-op版low 90s你89.6踩线;Co-op版要high 90s几乎不可能;不需补充申请'),
(5, 'math', '85-90%', 'close', '6.5', 1, '统计Co-op', NULL, NULL, '踩线', 'UTSC Applied Statistics high 80s'),
(5, 'psych', 'Mid-high 70s(非Co-op)/Low 80s(Co-op)', 'ok', '6.5', 1, '心理Co-op', NULL, NULL, 'GPA绰绰有余!心理有Co-op', 'UTSC心理学非Co-op mid-high 70s你89.6远超;Co-op版low 80s你也够;北美少数本科有临床心理方向'),
(5, 'biz', '80-85%(Management)', 'ok', '6.5', 1, 'MIT Co-op', NULL, NULL, 'Management踩线', 'UTSC Management & IT有Co-op'),
(5, 'health', '80-85%', 'ok', '6.5', 1, '健康科学Co-op', NULL, NULL, 'GPA够', NULL),
(5, 'sci', '80-85%', 'ok', '6.5', 1, NULL, NULL, NULL, NULL, NULL),
(5, 'social', 'Mid 70s', 'ok', '6.5', 0, NULL, NULL, NULL, 'GPA绰绰有余', NULL),
(6, 'eng', NULL, 'na', '6.5', 0, NULL, NULL, NULL, '无工程专业', 'UTM无Engineering本科'),
(6, 'cs', 'Mid-high 80s(85-88%)', 'close', '6.5', 1, 'CS Co-op', NULL, NULL, '你踩线!需补充申请', 'UTM CS 85-88%你刚好踩线;需要supplementary application;有Co-op选项；🆕IFP@UTM将于2027年9月上线'),
(6, 'math', 'Mid-high 80s', 'close', '6.5', 0, NULL, NULL, NULL, '踩线', 'UTM Math & Computational Sciences mid-high 80s'),
(6, 'psych', 'Mid 70s', 'ok', '6.5', 0, NULL, NULL, NULL, 'GPA绰绰有余', NULL),
(6, 'biz', '80-85%', 'ok', '6.5', 1, NULL, NULL, NULL, NULL, NULL),
(6, 'health', '75-80%', 'ok', '6.5', 0, NULL, NULL, NULL, NULL, NULL),
(6, 'sci', 'Mid-high 80s', 'close', '6.5', 0, NULL, NULL, NULL, 'Physical/Mathematical Sciences', NULL),
(6, 'social', 'Mid 70s', 'ok', '6.5', 0, NULL, NULL, NULL, 'GPA绰绰有余', NULL),
(7, 'eng', '80-85%', 'ok', '6.5', 1, 'Engineering Co-op', 'EFP英语预科', '未达标即可申', '比温哥华校区低10分!', 'UBC Okanagan工程80-85%你完全够;有English Foundation Program双录路径'),
(7, 'cs', '80-85%', 'ok', '6.5', 0, NULL, 'EFP英语预科', '未达标即可申', '比温哥华校区低10分!', NULL),
(7, 'math', '75-80%', 'ok', '6.5', 0, NULL, 'EFP英语预科', '未达标即可申', NULL, NULL),
(7, 'psych', '75-80%', 'ok', '6.5', 0, NULL, 'EFP英语预科', '未达标即可申', NULL, NULL),
(7, 'biz', '80-85%(Management)', 'ok', '6.5', 1, 'Management Co-op', 'EFP英语预科', '未达标即可申', NULL, NULL),
(7, 'health', '75-80%', 'ok', '6.5', 0, NULL, 'EFP英语预科', '未达标即可申', NULL, NULL),
(7, 'sci', '75-80%', 'ok', '6.5', 0, NULL, 'EFP英语预科', '未达标即可申', NULL, NULL),
(7, 'social', '70-75%', 'ok', '6.5', 0, NULL, 'EFP英语预科', '未达标即可申', NULL, NULL),
(8, 'eng', '85-88%', 'close', '6.5', 1, 'Engineering Co-op', 'EAP不含工程', '5.0(单项4.5)', '本校EAP不含工程', '可通过CCEL双录但竞争激烈'),
(8, 'cs', '82-88%', 'ok', '6.5', 1, 'CS Co-op', 'EAP', '5.0(单项4.5)', '你雅思5.0已达标双录!', 'EAP读完免雅思，CS录取82-88%你在范围内'),
(8, 'math', '85-90%', 'close', '6.5', 1, NULL, 'EAP', '5.0(单项4.5)', '你雅思5.0已达标双录', NULL),
(8, 'psych', '75-80%', 'ok', '6.5', 0, NULL, 'EAP', '5.0(单项4.5)', '你雅思5.0已达标双录', '心理GPA75%你89.6远超'),
(8, 'biz', '80-85%', 'ok', '6.5', 1, NULL, 'EAP', '5.0(单项4.5)', '商科比CS好进', NULL),
(8, 'health', '80-85%', 'ok', '6.5', 0, NULL, 'EAP', '5.0(单项4.5)', NULL, NULL),
(8, 'sci', '75-80%', 'ok', '6.5', 1, NULL, 'EAP', '5.0(单项4.5)', NULL, NULL),
(8, 'social', '70-75%', 'ok', '6.5', 0, NULL, 'EAP', '5.0(单项4.5)', NULL, NULL),
(9, 'eng', '80-87%', 'ok', '6.5', 1, 'Engineering Co-op', 'EIP', '4.0+', '你雅思5.0已达标!', 'EIP雅思4.0+即可，你5.0完全够'),
(9, 'cs', '80-87%', 'ok', '6.5', 1, 'CS Co-op', 'EIP', '4.0+', '你雅思5.0已达标!', '渥太华CS Co-op就业好'),
(9, 'math', '75-80%', 'ok', '6.5', 1, NULL, 'EIP', '4.0+', '你雅思5.0已达标!', NULL),
(9, 'psych', '约70%', 'ok', '6.5', 0, NULL, 'EIP', '4.0+', '最推荐!GPA绰绰有余', '渥太华心理录取约70%，你89.6远超'),
(9, 'biz', '85%', 'ok', '6.5', 1, 'Telfer Co-op', 'EIP', '4.0+', '你雅思5.0已达标!', 'Telfer商学院85%你89.6远超'),
(9, 'health', '89%', 'ok', '6.5', 0, NULL, 'EIP', '4.0+', 'GPA踩线!你雅思5.0已达标EIP', '渥太华健康科学89%你89.6刚好踩线'),
(9, 'sci', '75-80%', 'ok', '6.5', 1, NULL, 'EIP', '4.0+', '你雅思5.0已达标!', NULL),
(9, 'social', '80-85%', 'ok', '6.5', 0, NULL, 'EIP', '4.0+', '你雅思5.0已达标!', NULL),
(10, 'eng', '91%', 'hard', '6.5', 1, 'Engineering Co-op', 'Boost', '总分5.5(读写5.5/听说5.0)', '你听力阅读4.5不够Boost', 'Boost9周读完免雅思，但你听力4.5<门槛5.0'),
(10, 'cs', '84%', 'ok', '6.5', 1, NULL, 'Boost', '总分5.5(读写5.5/听说5.0)', 'GPA够但Boost门槛不够', NULL),
(10, 'math', 'mid 70s', 'ok', '6.5', 0, NULL, 'Boost', '总分5.5(读写5.5/听说5.0)', NULL, NULL),
(10, 'psych', 'mid-high 70s', 'ok', '6.5', 0, NULL, 'Boost', '总分5.5(读写5.5/听说5.0)', NULL, NULL),
(10, 'biz', '85%(MOS)/94%(Ivey)', 'ok', '6.5', 1, 'Ivey AEO', 'Boost', '总分5.5(读写5.5/听说5.0)', 'MOS GPA够,Ivey极难', 'Ivey AEO 94%极难，MOS 85%你89.6远超'),
(10, 'health', '91%', 'hard', '6.5', 0, NULL, 'Boost', '总分5.5(读写5.5/听说5.0)', NULL, NULL),
(10, 'sci', '80-85%', 'ok', '6.5', 1, NULL, 'Boost', '总分5.5(读写5.5/听说5.0)', NULL, NULL),
(10, 'social', '80-85%', 'ok', '6.5', 0, NULL, 'Boost', '总分5.5(读写5.5/听说5.0)', NULL, NULL),
(11, 'eng', '92%', 'hard', '6.5', 1, '全部工程Co-op', 'MELD+STEP', 'MELD:5.0/STEP:6.5(读写6.0听说5.5)', '工程GPA差2.4分;你雅思5.0已达标MELD!', '麦马工程92%你差2.4分；MELD(1年)门槛5.0你达标!🆕2026Fall起完成MELD可获12本科学分(4门课不再白读);STEP(7周夏)门槛6.5你不够；⚠️中加学籍学生必须提交雅思成绩'),
(11, 'cs', '94%', 'hard', '6.5', 1, NULL, 'MELD+STEP', 'MELD:5.0/STEP:6.5(读写6.0听说5.5)', 'CS差5分;你雅思5.0已达标MELD!', '🆕2026Fall起完成MELD可获12本科学分(4门课不再白读);⚠️中加学籍学生必须提交雅思成绩'),
(11, 'math', '85%', 'close', '6.5', 1, NULL, 'MELD+STEP', 'MELD:5.0/STEP:6.5(读写6.0听说5.5)', '你踩线!MELD门槛5.0你达标', '麦马数学85%你刚好踩线；MELD(1年)门槛5.0你达标；🆕2026Fall起完成MELD可获12本科学分(4门课不再白读)；⚠️中加学籍学生必须提交雅思成绩'),
(11, 'psych', '85%', 'close', '6.5', 0, NULL, 'MELD+STEP', 'MELD:5.0/STEP:6.5(读写6.0听说5.5)', '你踩线!MELD门槛5.0你达标', '🆕2026Fall起完成MELD可获12本科学分(4门课不再白读);⚠️中加学籍学生必须提交雅思成绩'),
(11, 'biz', '88%', 'ok', '6.5', 1, 'DeGroote Co-op', 'MELD+STEP', 'MELD:5.0/STEP:6.5(读写6.0听说5.5)', '商科GPA够!超1.6分;MELD门槛5.0你达标', 'DeGroote 88%你89.6超1.6分；🆕2026Fall起完成MELD可获12本科学分(4门课不再白读)；⚠️中加学籍学生必须提交雅思成绩'),
(11, 'health', '96%', 'hard', '6.5', 0, NULL, 'MELD+STEP', 'MELD:5.0/STEP:6.5(读写6.0听说5.5)', 'BHSc极难(3%录取率)', '🆕2026Fall起完成MELD可获12本科学分(4门课不再白读);⚠️中加学籍学生必须提交雅思成绩'),
(11, 'sci', '80-85%', 'ok', '6.5', 1, NULL, 'MELD+STEP', 'MELD:5.0/STEP:6.5(读写6.0听说5.5)', 'MELD门槛5.0你达标', '🆕2026Fall起完成MELD可获12本科学分(4门课不再白读);⚠️中加学籍学生必须提交雅思成绩'),
(11, 'social', '80-85%', 'ok', '6.5', 0, NULL, 'MELD+STEP', 'MELD:5.0/STEP:6.5(读写6.0听说5.5)', 'MELD门槛5.0你达标', '🆕2026Fall起完成MELD可获12本科学分(4门课不再白读);⚠️中加学籍学生必须提交雅思成绩'),
(12, 'eng', '88%', 'ok', '6.5', 1, NULL, 'Q-Bridge', '5.5(EAP)/6.0(Accel)', 'GPA够!超1.6分;EAP 5.5/Accel 6.0', '2026 Q-Bridge分EAP(5.5)和Accelerated(6.0)两轨；你雅思5.0未达标'),
(12, 'cs', '85-90%', 'close', '6.5', 0, NULL, 'Q-Bridge', '5.5(EAP)/6.0(Accel)', 'EAP 5.5/Accel 6.0', '2026 Q-Bridge分EAP(5.5)和Accelerated(6.0)两轨；你雅思5.0未达标'),
(12, 'math', '80-85%', 'ok', '6.5', 0, NULL, 'Q-Bridge', '5.5(EAP)/6.0(Accel)', 'EAP 5.5/Accel 6.0', '2026 Q-Bridge分EAP(5.5)和Accelerated(6.0)两轨；你雅思5.0未达标'),
(12, 'psych', '80-85%', 'ok', '6.5', 0, NULL, 'Q-Bridge', '5.5(EAP)/6.0(Accel)', 'EAP 5.5/Accel 6.0', '2026 Q-Bridge分EAP(5.5)和Accelerated(6.0)两轨；你雅思5.0未达标'),
(12, 'biz', '94%', 'hard', '6.5', 1, 'Smith Commerce', 'Q-Bridge', '5.5(EAP)/6.0(Accel)', 'Smith Commerce极难', '需要补充申请；2026 Q-Bridge分EAP(5.5)和Accelerated(6.0)两轨'),
(12, 'health', '94%', 'hard', '6.5', 0, NULL, 'Q-Bridge', '5.5(EAP)/6.0(Accel)', '极难(7%录取率)', '2026 Q-Bridge分EAP(5.5)和Accelerated(6.0)两轨'),
(12, 'sci', '85-90%', 'close', '6.5', 0, NULL, 'Q-Bridge', '5.5(EAP)/6.0(Accel)', 'EAP 5.5/Accel 6.0', '2026 Q-Bridge分EAP(5.5)和Accelerated(6.0)两轨；你雅思5.0未达标'),
(12, 'social', '80-85%', 'ok', '6.5', 0, NULL, 'Q-Bridge', '5.5(EAP)/6.0(Accel)', 'EAP 5.5/Accel 6.0', '2026 Q-Bridge分EAP(5.5)和Accelerated(6.0)两轨；你雅思5.0未达标'),
(13, 'eng', '88%', 'ok', '6.5', 1, '全部工程Co-op', 'ESL', '5.0+', '工程GPA够!超1.6分', 'TMU工程88%你89.6超1.6分，CS更好进'),
(13, 'cs', '82%', 'ok', '6.5', 1, 'CS Co-op', 'ESL', '5.0+', '你雅思5.0已达标!CS好进', 'TMU CS录取82%你完全够，地理位置极佳'),
(13, 'math', '75-80%', 'ok', '6.5', 1, NULL, 'ESL', '5.0+', NULL, NULL),
(13, 'psych', '75-80%', 'ok', '6.5', 1, NULL, 'ESL', '5.0+', NULL, NULL),
(13, 'biz', '88%', 'ok', '6.5', 1, NULL, 'ESL', '5.0+', '商科GPA够!超1.6分', NULL),
(13, 'health', '92%(Nursing)', 'hard', '6.5', 1, NULL, 'ESL', '5.0+', 'Nursing极难', NULL),
(13, 'sci', '75-80%', 'ok', '6.5', 1, NULL, 'ESL', '5.0+', NULL, NULL),
(13, 'social', '70-75%', 'ok', '6.5', 0, NULL, 'ESL', '5.0+', NULL, NULL),
(14, 'eng', '88%', 'ok', '6.5', 1, '全部工程Co-op', 'ESL', '5.0+', '工程GPA够!超1.6分', 'Guelph工程88%你89.6超1.6分'),
(14, 'cs', '89%', 'ok', '6.5', 1, 'CS Co-op', 'ESL', '5.0+', 'CS GPA踩线!89.6 vs 89%', 'Guelph CS 89%你89.6踩线'),
(14, 'math', '75-80%', 'ok', '6.5', 0, NULL, 'ESL', '5.0+', NULL, NULL),
(14, 'psych', '80-85%', 'ok', '6.5', 1, NULL, 'ESL', '5.0+', NULL, NULL),
(14, 'biz', '80-85%', 'ok', '6.5', 1, 'Commerce Co-op', 'ESL', '5.0+', NULL, NULL),
(14, 'health', '85-90%', 'ok', '6.5', 1, NULL, 'ESL', '5.0+', 'GPA在范围内', NULL),
(14, 'sci', '75-80%', 'ok', '6.5', 1, NULL, 'ESL', '5.0+', NULL, 'Guelph理科强(农业/环境/生物)'),
(14, 'social', '70-75%', 'ok', '6.5', 0, NULL, 'ESL', '5.0+', NULL, NULL),
(15, 'eng', '85-90%', 'ok', '6.5', 1, NULL, 'ESL', '5.0+', 'GPA在范围内', NULL),
(15, 'cs', '80-85%', 'ok', '6.5', 1, NULL, 'ESL', '5.0+', NULL, NULL),
(15, 'math', '75-80%', 'ok', '6.5', 0, NULL, 'ESL', '5.0+', NULL, NULL),
(15, 'psych', '75-80%', 'ok', '6.5', 0, NULL, 'ESL', '5.0+', NULL, NULL),
(15, 'biz', '80-85%', 'ok', '6.5', 1, NULL, 'ESL', '5.0+', NULL, NULL),
(15, 'health', '80-85%', 'ok', '6.5', 1, NULL, 'ESL', '5.0+', NULL, NULL),
(15, 'sci', '75-80%', 'ok', '6.5', 0, NULL, 'ESL', '5.0+', NULL, NULL),
(15, 'social', '70-75%', 'ok', '6.5', 0, NULL, 'ESL', '5.0+', NULL, NULL),
(16, 'eng', '80-85%', 'ok', '6.5', 1, NULL, 'FIC桥梁', '5.0+', '你雅思5.0已达标!', 'FIC桥梁课程→SFU，温哥华地理位置好'),
(16, 'cs', '80-85%', 'ok', '6.5', 1, 'CS Co-op', 'FIC桥梁', '5.0+', '你雅思5.0已达标!', NULL),
(16, 'math', '75-80%', 'ok', '6.5', 1, NULL, 'FIC桥梁', '5.0+', NULL, NULL),
(16, 'psych', '75-80%', 'ok', '6.5', 0, NULL, 'FIC桥梁', '5.0+', NULL, NULL),
(16, 'biz', '80-85%', 'ok', '6.5', 1, NULL, 'FIC桥梁', '5.0+', NULL, NULL),
(16, 'health', '80-85%', 'ok', '6.5', 1, NULL, 'FIC桥梁', '5.0+', NULL, NULL),
(16, 'sci', '75-80%', 'ok', '6.5', 1, NULL, 'FIC桥梁', '5.0+', NULL, NULL),
(16, 'social', '70-75%', 'ok', '6.5', 0, NULL, 'FIC桥梁', '5.0+', NULL, NULL),
(17, 'eng', '80-85%', 'ok', '6.5', 1, NULL, 'ESL', '5.5+', NULL, NULL),
(17, 'cs', '80-85%', 'ok', '6.5', 1, 'CS Co-op', 'ESL', '5.5+', NULL, NULL),
(17, 'math', '75-80%', 'ok', '6.5', 1, NULL, 'ESL', '5.5+', NULL, NULL),
(17, 'psych', '75-80%', 'ok', '6.5', 0, NULL, 'ESL', '5.5+', NULL, NULL),
(17, 'biz', '80-85%', 'ok', '6.5', 1, NULL, 'ESL', '5.5+', NULL, NULL),
(17, 'health', '75-80%', 'ok', '6.5', 0, NULL, 'ESL', '5.5+', NULL, NULL),
(17, 'sci', '75-80%', 'ok', '6.5', 1, NULL, 'ESL', '5.5+', NULL, NULL),
(17, 'social', '70-75%', 'ok', '6.5', 0, NULL, 'ESL', '5.5+', NULL, NULL),
(18, 'eng', '78-84%', 'ok', '6.5', 1, NULL, 'ESL', '5.0+', '与渥太华同城', NULL),
(18, 'cs', '78-84%', 'ok', '6.5', 1, 'CS Co-op', 'ESL', '5.0+', NULL, NULL),
(18, 'math', '75-80%', 'ok', '6.5', 0, NULL, 'ESL', '5.0+', NULL, NULL),
(18, 'psych', '70-75%', 'ok', '6.5', 0, NULL, 'ESL', '5.0+', NULL, NULL),
(18, 'biz', '78-84%', 'ok', '6.5', 1, 'Sprott Co-op', 'ESL', '5.0+', 'Sprott商学院', NULL),
(18, 'health', '75-80%', 'ok', '6.5', 0, NULL, 'ESL', '5.0+', NULL, NULL),
(18, 'sci', '75-80%', 'ok', '6.5', 1, NULL, 'ESL', '5.0+', NULL, NULL),
(18, 'social', '70-75%', 'ok', '6.5', 0, NULL, 'ESL', '5.0+', NULL, NULL),
(19, 'eng', '雅思7.5不双录!', 'na', '7.5', 1, NULL, 'YUELI不含工程CS', '5.0+', '工程雅思7.5不双录!', '约克工程要求雅思7.5且不接受双录取！'),
(19, 'cs', '雅思7.5不双录!', 'na', '7.5', 1, NULL, 'YUELI不含工程CS', '5.0+', 'CS同工程限制', NULL),
(19, 'math', '75-80%', 'ok', '6.5', 0, NULL, 'YUELI', '5.0+', '理学院可双录', NULL),
(19, 'psych', '65-70%', 'ok', '6.5', 0, NULL, 'YUELI', '5.0+', NULL, NULL),
(19, 'biz', '75-80%', 'ok', '6.5', 1, NULL, 'YUELI', '5.0+', 'Schulich难进', NULL),
(19, 'health', '70-75%', 'ok', '6.5', 0, NULL, 'YUELI', '5.0+', NULL, NULL),
(19, 'sci', '70-75%', 'ok', '6.5', 0, NULL, 'YUELI', '5.0+', NULL, NULL),
(19, 'social', '65-70%', 'ok', '6.5', 0, NULL, 'YUELI', '5.0+', NULL, NULL),
(20, 'eng', '80-85%', 'ok', '6.5', 1, NULL, 'ESL', '5.0+', '与滑铁卢同城', 'Laurier小校但性价比高'),
(20, 'cs', '75-80%', 'ok', '6.5', 1, NULL, 'ESL', '5.0+', NULL, NULL),
(20, 'math', '70-75%', 'ok', '6.5', 0, NULL, 'ESL', '5.0+', NULL, NULL),
(20, 'psych', '70-75%', 'ok', '6.5', 0, NULL, 'ESL', '5.0+', NULL, NULL),
(20, 'biz', '80-85%', 'ok', '6.5', 1, 'Lazaridis Co-op', 'ESL', '5.0+', 'Lazaridis商学院', NULL),
(20, 'health', '70-75%', 'ok', '6.5', 0, NULL, 'ESL', '5.0+', NULL, NULL),
(20, 'sci', '70-75%', 'ok', '6.5', 1, NULL, 'ESL', '5.0+', NULL, NULL),
(20, 'social', '65-70%', 'ok', '6.5', 0, NULL, 'ESL', '5.0+', NULL, NULL),
(21, 'eng', NULL, 'na', '6.5', 0, NULL, 'ESL', '5.0+', '无工程专业', NULL),
(21, 'cs', '75-80%', 'ok', '6.5', 1, NULL, 'ESL', '5.0+', NULL, NULL),
(21, 'math', '70-75%', 'ok', '6.5', 0, NULL, 'ESL', '5.0+', NULL, NULL),
(21, 'psych', '70-75%', 'ok', '6.5', 0, NULL, 'ESL', '5.0+', '心理学较强', NULL),
(21, 'biz', '75-80%', 'ok', '6.5', 1, NULL, 'ESL', '5.0+', NULL, NULL),
(21, 'health', '75-80%', 'ok', '6.5', 0, NULL, 'ESL', '5.0+', NULL, NULL),
(21, 'sci', '70-75%', 'ok', '6.5', 1, NULL, 'ESL', '5.0+', NULL, NULL),
(21, 'social', '65-70%', 'ok', '6.5', 0, NULL, 'ESL', '5.0+', NULL, NULL),
(22, 'eng', '75-80%', 'ok', '6.5', 1, NULL, 'ELIP', '4.5+', '最稳保底', NULL),
(22, 'cs', '75-80%', 'ok', '6.5', 1, NULL, 'ELIP', '4.5+', NULL, NULL),
(22, 'math', '70-75%', 'ok', '6.5', 0, NULL, 'ELIP', '4.5+', NULL, NULL),
(22, 'psych', '65-70%', 'ok', '6.5', 0, NULL, 'ELIP', '4.5+', NULL, NULL),
(22, 'biz', '75-80%', 'ok', '6.5', 1, NULL, 'ELIP', '4.5+', NULL, NULL),
(22, 'health', '70-75%', 'ok', '6.5', 0, NULL, 'ELIP', '4.5+', NULL, NULL),
(22, 'sci', '70-75%', 'ok', '6.5', 0, NULL, 'ELIP', '4.5+', NULL, NULL),
(22, 'social', '65-70%', 'ok', '6.5', 0, NULL, 'ELIP', '4.5+', NULL, NULL),
(23, 'eng', '80-85%', 'ok', '6.5', 1, NULL, 'ELSP', '5.0+', '性价比极高', '曼省学费最低+移民政策友好'),
(23, 'cs', '80-85%', 'ok', '6.5', 1, NULL, 'ELSP', '5.0+', NULL, NULL),
(23, 'math', '70-75%', 'ok', '6.5', 0, NULL, 'ELSP', '5.0+', NULL, NULL),
(23, 'psych', '65-70%', 'ok', '6.5', 0, NULL, 'ELSP', '5.0+', NULL, NULL),
(23, 'biz', '75-80%', 'ok', '6.5', 1, 'Asper Co-op', 'ELSP', '5.0+', 'Asper商学院', NULL),
(23, 'health', '70-75%', 'ok', '6.5', 0, NULL, 'ELSP', '5.0+', NULL, NULL),
(23, 'sci', '70-75%', 'ok', '6.5', 1, NULL, 'ELSP', '5.0+', NULL, NULL),
(23, 'social', '65-70%', 'ok', '6.5', 0, NULL, 'ELSP', '5.0+', NULL, NULL),
(24, 'eng', '80-85%', 'ok', '6.5', 1, NULL, 'ESL', '5.5+', '东海岸', NULL),
(24, 'cs', '80-85%', 'ok', '6.5', 1, NULL, 'ESL', '5.5+', NULL, NULL),
(24, 'math', '75-80%', 'ok', '6.5', 0, NULL, 'ESL', '5.5+', NULL, NULL),
(24, 'psych', '70-75%', 'ok', '6.5', 0, NULL, 'ESL', '5.5+', NULL, NULL),
(24, 'biz', '75-80%', 'ok', '6.5', 1, NULL, 'ESL', '5.5+', NULL, NULL),
(24, 'health', '75-80%', 'ok', '6.5', 0, NULL, 'ESL', '5.5+', NULL, NULL),
(24, 'sci', '70-75%', 'ok', '6.5', 1, NULL, 'ESL', '5.5+', NULL, NULL),
(24, 'social', '65-70%', 'ok', '6.5', 0, NULL, 'ESL', '5.5+', NULL, NULL),
(25, 'eng', '70-78%', 'ok', '6.5', 1, NULL, 'ESL', '5.0+', NULL, NULL),
(25, 'cs', '70-78%', 'ok', '6.5', 1, NULL, 'ESL', '5.0+', NULL, NULL),
(25, 'math', '70-75%', 'ok', '6.5', 0, NULL, 'ESL', '5.0+', NULL, NULL),
(25, 'psych', '65-70%', 'ok', '6.5', 0, NULL, 'ESL', '5.0+', NULL, NULL),
(25, 'biz', '70-78%', 'ok', '6.5', 1, 'Edwards Co-op', 'ESL', '5.0+', 'Edwards商学院', NULL),
(25, 'health', '70-75%', 'ok', '6.5', 0, NULL, 'ESL', '5.0+', NULL, NULL),
(25, 'sci', '70-75%', 'ok', '6.5', 1, NULL, 'ESL', '5.0+', NULL, NULL),
(25, 'social', '65-70%', 'ok', '6.5', 0, NULL, 'ESL', '5.0+', NULL, NULL),
(26, 'eng', '70-75%', 'ok', '6.5', 1, NULL, 'ESL', '5.0+', '学费全国最低!', '2026起直录雅思要求读写单项≥6.0'),
(26, 'cs', '70-75%', 'ok', '6.5', 1, NULL, 'ESL', '5.0+', NULL, '2026起直录雅思要求读写单项≥6.0'),
(26, 'math', '70-75%', 'ok', '6.5', 0, NULL, 'ESL', '5.0+', NULL, '2026起直录雅思要求读写单项≥6.0'),
(26, 'psych', '65-70%', 'ok', '6.5', 0, NULL, 'ESL', '5.0+', NULL, '2026起直录雅思要求读写单项≥6.0'),
(26, 'biz', '70-75%', 'ok', '6.5', 1, NULL, 'ESL', '5.0+', NULL, '2026起直录雅思要求读写单项≥6.0'),
(26, 'health', '70-75%', 'ok', '6.5', 0, NULL, 'ESL', '5.0+', NULL, '2026起直录雅思要求读写单项≥6.0'),
(26, 'sci', '70-75%', 'ok', '6.5', 1, NULL, 'ESL', '5.0+', NULL, '2026起直录雅思要求读写单项≥6.0'),
(26, 'social', '65-70%', 'ok', '6.5', 0, NULL, 'ESL', '5.0+', NULL, '2026起直录雅思要求读写单项≥6.0'),
(27, 'eng', '75-80%', 'ok', '6.5', 1, NULL, 'ESL', '5.0+', '蒙特利尔', NULL),
(27, 'cs', '75-80%', 'ok', '6.5', 1, 'CS Co-op', 'ESL', '5.0+', NULL, NULL),
(27, 'math', '70-75%', 'ok', '6.5', 0, NULL, 'ESL', '5.0+', NULL, NULL),
(27, 'psych', '70-75%', 'ok', '6.5', 0, NULL, 'ESL', '5.0+', NULL, NULL),
(27, 'biz', '75-80%', 'ok', '6.5', 1, 'JMSB Co-op', 'ESL', '5.0+', 'JMSB商学院', NULL),
(27, 'health', '70-75%', 'ok', '6.5', 0, NULL, 'ESL', '5.0+', NULL, NULL),
(27, 'sci', '70-75%', 'ok', '6.5', 0, NULL, 'ESL', '5.0+', NULL, NULL),
(27, 'social', '65-70%', 'ok', '6.5', 0, NULL, 'ESL', '5.0+', NULL, NULL),
(28, 'eng', '预科GPA7.5/9.0', 'ok', '5.0', 1, NULL, 'Extended预科(15月)', '5.0(4.5)', '你雅思5.0走Extended达标!', 'UNSW Extended预科15个月IELTS5.0(4.5)你达标;🆕2026起标准预科分轨:理科/文科IELTS5.5(写作5.5/其他≥5.0)你总分差0.5;商科IELTS6.0(写作5.5/其他≥5.5)你差1.0;升学率91%'),
(28, 'cs', '预科GPA7.5/9.0', 'ok', '5.0', 1, NULL, 'Extended预科(15月)', '5.0(4.5)', '你雅思5.0走Extended达标!', '🆕2026起标准预科分轨:理科IELTS5.5(写作5.5/其他≥5.0)你总分差0.5'),
(28, 'math', '预科GPA7.0/9.0', 'ok', '5.0', 0, NULL, 'Extended预科(15月)', '5.0(4.5)', NULL, '🆕2026起标准预科分轨'),
(28, 'psych', '预科GPA6.5/9.0', 'ok', '5.0', 0, NULL, 'Extended预科(15月)', '5.0(4.5)', NULL, '🆕2026起标准预科分轨'),
(28, 'biz', '预科GPA7.0/9.0', 'ok', '5.0', 1, NULL, 'Extended预科(15月)', '5.0(4.5)', '标准商科IELTS6.0你差1.0;走Extended可行', '🆕2026起标准预科商科IELTS6.0(写作5.5/其他≥5.5)你差1.0;Extended预科IELTS5.0(4.5)你达标'),
(28, 'health', '预科GPA7.0/9.0', 'ok', '5.0', 0, NULL, 'Extended预科(15月)', '5.0(4.5)', NULL, '🆕2026起标准预科分轨'),
(28, 'sci', '预科GPA7.0/9.0', 'ok', '5.0', 0, NULL, 'Extended预科(15月)', '5.0(4.5)', NULL, '🆕2026起标准预科分轨'),
(28, 'social', '预科GPA6.5/9.0', 'ok', '5.0', 0, NULL, 'Extended预科(15月)', '5.0(4.5)', NULL, '🆕2026起标准预科分轨'),
(29, 'eng', '预科GPA60%', 'ok', '5.0', 1, NULL, '标准预科', '5.0(4.5)', '你雅思5.0已达标!', NULL),
(29, 'cs', '预科GPA60%', 'ok', '5.0', 0, NULL, '标准预科', '5.0(4.5)', NULL, NULL),
(29, 'math', '预科GPA60%', 'ok', '5.0', 0, NULL, '标准预科', '5.0(4.5)', NULL, NULL),
(29, 'psych', '预科GPA60%', 'ok', '5.0', 0, NULL, '标准预科', '5.0(4.5)', NULL, NULL),
(29, 'biz', '预科GPA60%', 'ok', '5.0', 0, NULL, '标准预科', '5.0(4.5)', NULL, NULL),
(29, 'health', '预科GPA60%', 'ok', '5.0', 0, NULL, '标准预科', '5.0(4.5)', NULL, NULL),
(29, 'sci', '预科GPA60%', 'ok', '5.0', 0, NULL, '标准预科', '5.0(4.5)', NULL, NULL),
(29, 'social', '预科GPA60%', 'ok', '5.0', 0, NULL, '标准预科', '5.0(4.5)', NULL, NULL),
(30, 'eng', '预科GPA60%', 'ok', '5.0', 1, NULL, '标准预科', '5.0(4.5)', '你雅思5.0已达标!', NULL),
(30, 'cs', '预科GPA60%', 'ok', '5.0', 0, NULL, '标准预科', '5.0(4.5)', NULL, NULL),
(30, 'math', '预科GPA60%', 'ok', '5.0', 0, NULL, '标准预科', '5.0(4.5)', NULL, NULL),
(30, 'psych', '预科GPA60%', 'ok', '5.0', 0, NULL, '标准预科', '5.0(4.5)', NULL, NULL),
(30, 'biz', '预科GPA60%', 'ok', '5.0', 0, NULL, '标准预科', '5.0(4.5)', NULL, NULL),
(30, 'health', '预科GPA60%', 'ok', '5.0', 0, NULL, '标准预科', '5.0(4.5)', NULL, NULL),
(30, 'sci', '预科GPA60%', 'ok', '5.0', 0, NULL, '标准预科', '5.0(4.5)', NULL, NULL),
(30, 'social', '预科GPA60%', 'ok', '5.0', 0, NULL, '标准预科', '5.0(4.5)', NULL, NULL);

-- ========================================
-- 排名数据
-- ========================================
INSERT INTO rankings (school, city, category, source, rank, year) VALUES
('多伦多大学(UTSG)', '安省', 'cs', 'qs', '12', 2027),
('多伦多大学(UTSG)', '安省', 'cs', 'the', '22', 2027),
('多伦多大学(UTSG)', '安省', 'cs', 'usn', '33', 2027),
('麦吉尔大学', '魁省', 'cs', 'qs', '34', 2027),
('麦吉尔大学', '魁省', 'cs', 'the', '74', 2027),
('麦吉尔大学', '魁省', 'cs', 'usn', '145', 2027),
('UBC(温哥华)', 'BC省', 'cs', 'qs', '26', 2027),
('UBC(温哥华)', 'BC省', 'cs', 'the', '57', 2027),
('UBC(温哥华)', 'BC省', 'cs', 'usn', '67', 2027),
('滑铁卢大学', '安省', 'cs', 'qs', '21', 2027),
('滑铁卢大学', '安省', 'cs', 'the', '41', 2027),
('滑铁卢大学', '安省', 'cs', 'usn', '54', 2027),
('蒙特利尔大学', '魁省', 'cs', 'qs', '151-200', 2027),
('蒙特利尔大学', '魁省', 'cs', 'the', '52', 2027),
('蒙特利尔大学', '魁省', 'cs', 'usn', '104', 2027),
('阿尔伯塔大学', '阿省', 'cs', 'qs', '101-150', 2027),
('阿尔伯塔大学', '阿省', 'cs', 'the', '77', 2027),
('阿尔伯塔大学', '阿省', 'cs', 'usn', '109', 2027),
('SFU', 'BC省', 'cs', 'qs', '151-200', 2027),
('SFU', 'BC省', 'cs', 'the', '201-250', 2027),
('SFU', 'BC省', 'cs', 'usn', '149', 2027),
('维多利亚大学', 'BC省', 'cs', 'qs', '251-300', 2027),
('维多利亚大学', 'BC省', 'cs', 'the', '201-250', 2027),
('维多利亚大学', 'BC省', 'cs', 'usn', '353', 2027),
('卡尔顿大学', '安省', 'cs', 'qs', '251-300', 2027),
('卡尔顿大学', '安省', 'cs', 'the', '301-400', 2027),
('卡尔顿大学', '安省', 'cs', 'usn', '266', 2027),
('女王大学', '安省', 'cs', 'qs', '191', 2027),
('女王大学', '安省', 'cs', 'the', '301-400', 2027),
('女王大学', '安省', 'cs', 'usn', '492', 2027),
('韦士敦大学', '安省', 'cs', 'qs', '251-300', 2027),
('韦士敦大学', '安省', 'cs', 'the', '251-300', 2027),
('韦士敦大学', '安省', 'cs', 'usn', '369', 2027),
('麦马', '安省', 'cs', 'qs', '251-300', 2027),
('麦马', '安省', 'cs', 'the', '251-300', 2027),
('麦马', '安省', 'cs', 'usn', '246', 2027),
('多伦多大学(UTSG)', '安省', 'eng', 'qs', '38', 2027),
('多伦多大学(UTSG)', '安省', 'eng', 'the', '25', 2027),
('多伦多大学(UTSG)', '安省', 'eng', 'usn', '81', 2027),
('UBC(温哥华)', 'BC省', 'eng', 'qs', '49', 2027),
('UBC(温哥华)', 'BC省', 'eng', 'the', '46', 2027),
('UBC(温哥华)', 'BC省', 'eng', 'usn', '74', 2027),
('滑铁卢大学', '安省', 'eng', 'qs', '49-59', 2027),
('滑铁卢大学', '安省', 'eng', 'the', '78', 2027),
('滑铁卢大学', '安省', 'eng', 'usn', '63', 2027),
('麦吉尔大学', '魁省', 'eng', 'qs', '45', 2027),
('麦吉尔大学', '魁省', 'eng', 'the', '73', 2027),
('麦吉尔大学', '魁省', 'eng', 'usn', '167', 2027),
('阿尔伯塔大学', '阿省', 'eng', 'qs', '101-150', 2027),
('阿尔伯塔大学', '阿省', 'eng', 'the', '90', 2027),
('阿尔伯塔大学', '阿省', 'eng', 'usn', '91', 2027),
('蒙特利尔大学', '魁省', 'eng', 'qs', '133', 2027),
('蒙特利尔大学', '魁省', 'eng', 'the', '201-250', 2027),
('蒙特利尔大学', '魁省', 'eng', 'usn', '247', 2027),
('卡尔加里大学', '阿省', 'eng', 'qs', '192', 2027),
('卡尔加里大学', '阿省', 'eng', 'the', '201-250', 2027),
('卡尔加里大学', '阿省', 'eng', 'usn', '268', 2027),
('麦马', '安省', 'eng', 'qs', '227', 2027),
('麦马', '安省', 'eng', 'the', '201-250', 2027),
('麦马', '安省', 'eng', 'usn', '300', 2027),
('女王大学', '安省', 'eng', 'qs', '207', 2027),
('女王大学', '安省', 'eng', 'the', '251-300', 2027),
('韦士敦大学', '安省', 'eng', 'qs', '257', 2027),
('韦士敦大学', '安省', 'eng', 'the', '251-300', 2027),
('多伦多大学(UTSG)', '安省', 'math', 'qs', '16', 2027),
('多伦多大学(UTSG)', '安省', 'math', 'usn', '29', 2027),
('UBC(温哥华)', 'BC省', 'math', 'qs', '34', 2027),
('UBC(温哥华)', 'BC省', 'math', 'usn', '57', 2027),
('滑铁卢大学', '安省', 'math', 'qs', '47', 2027),
('滑铁卢大学', '安省', 'math', 'usn', '77', 2027),
('麦吉尔大学', '魁省', 'math', 'qs', '72', 2027),
('麦吉尔大学', '魁省', 'math', 'usn', '112', 2027),
('蒙特利尔大学', '魁省', 'math', 'qs', '74', 2027),
('阿尔伯塔大学', '阿省', 'math', 'qs', '115', 2027),
('阿尔伯塔大学', '阿省', 'math', 'usn', '140', 2027),
('麦马', '安省', 'math', 'qs', '151-200', 2027),
('麦马', '安省', 'math', 'usn', '107', 2027),
('女王大学', '安省', 'math', 'qs', '301-350', 2027),
('多伦多大学(UTSG)', '安省', 'psych', 'qs', '13', 2027),
('多伦多大学(UTSG)', '安省', 'psych', 'the', '13', 2027),
('多伦多大学(UTSG)', '安省', 'psych', 'usn', '8', 2027),
('UBC(温哥华)', 'BC省', 'psych', 'qs', '19', 2027),
('UBC(温哥华)', 'BC省', 'psych', 'the', '20', 2027),
('UBC(温哥华)', 'BC省', 'psych', 'usn', '28', 2027),
('麦吉尔大学', '魁省', 'psych', 'qs', '25', 2027),
('麦吉尔大学', '魁省', 'psych', 'the', '27', 2027),
('麦吉尔大学', '魁省', 'psych', 'usn', '41', 2027),
('韦士敦大学', '安省', 'psych', 'qs', '101-150', 2027),
('韦士敦大学', '安省', 'psych', 'the', '94', 2027),
('韦士敦大学', '安省', 'psych', 'usn', '149', 2027),
('麦马', '安省', 'psych', 'qs', '151-200', 2027),
('麦马', '安省', 'psych', 'the', '101-125', 2027),
('麦马', '安省', 'psych', 'usn', '149', 2027),
('阿尔伯塔大学', '阿省', 'psych', 'qs', '151-200', 2027),
('阿尔伯塔大学', '阿省', 'psych', 'the', '126-150', 2027),
('阿尔伯塔大学', '阿省', 'psych', 'usn', '223', 2027),
('卡尔加里大学', '阿省', 'psych', 'qs', '101-150', 2027),
('卡尔加里大学', '阿省', 'psych', 'the', '126-150', 2027),
('卡尔加里大学', '阿省', 'psych', 'usn', '100', 2027),
('滑铁卢大学', '安省', 'psych', 'qs', '151-200', 2027),
('滑铁卢大学', '安省', 'psych', 'the', '126-150', 2027),
('滑铁卢大学', '安省', 'psych', 'usn', '169', 2027),
('蒙特利尔大学', '魁省', 'psych', 'qs', '101-150', 2027),
('蒙特利尔大学', '魁省', 'psych', 'the', '126-150', 2027),
('蒙特利尔大学', '魁省', 'psych', 'usn', '167', 2027),
('约克大学', '安省', 'psych', 'qs', '101-150', 2027),
('约克大学', '安省', 'psych', 'the', '126-150', 2027),
('约克大学', '安省', 'psych', 'usn', '188', 2027),
('渥太华大学', '安省', 'psych', 'qs', '151-200', 2027),
('渥太华大学', '安省', 'psych', 'the', '201-250', 2027),
('渥太华大学', '安省', 'psych', 'usn', '112', 2027),
('多伦多大学(Rotman)', '安省', 'biz', 'qs', '51-100', 2027),
('多伦多大学(Rotman)', '安省', 'biz', 'the', '23', 2027),
('UBC(Sauder)', 'BC省', 'biz', 'qs', '51-100', 2027),
('UBC(Sauder)', 'BC省', 'biz', 'the', '36', 2027),
('麦吉尔(Desautels)', '魁省', 'biz', 'qs', '101-150', 2027),
('麦吉尔(Desautels)', '魁省', 'biz', 'the', '91', 2027),
('韦士敦大学(MOS)', '安省', 'biz', 'qs', '101-150', 2027),
('韦士敦大学(MOS)', '安省', 'biz', 'the', '85', 2027),
('女王大学(Smith)', '安省', 'biz', 'qs', '151-200', 2027),
('阿尔伯塔大学', '阿省', 'biz', 'qs', '151-200', 2027),
('阿尔伯塔大学', '阿省', 'biz', 'the', '126-150', 2027),
('约克大学(Schulich)', '安省', 'biz', 'qs', '201-250', 2027),
('多伦多大学', '安省', 'health', 'qs', '13', 2027),
('多伦多大学', '安省', 'health', 'the', '9', 2027),
('麦吉尔大学', '魁省', 'health', 'qs', '27', 2027),
('麦吉尔大学', '魁省', 'health', 'the', '27', 2027),
('UBC', 'BC省', 'health', 'qs', '25', 2027),
('UBC', 'BC省', 'health', 'the', '31', 2027),
('麦马', '安省', 'health', 'qs', '59', 2027),
('麦马', '安省', 'health', 'the', '42', 2027),
('阿尔伯塔大学', '阿省', 'health', 'qs', '86', 2027),
('阿尔伯塔大学', '阿省', 'health', 'the', '77', 2027),
('渥太华大学', '安省', 'health', 'qs', '172', 2027),
('渥太华大学', '安省', 'health', 'the', '89', 2027),
('多伦多大学', '安省', 'sci', 'qs', '20', 2027),
('多伦多大学', '安省', 'sci', 'the', '24', 2027),
('UBC', 'BC省', 'sci', 'qs', '22', 2027),
('UBC', 'BC省', 'sci', 'the', '34', 2027),
('麦吉尔大学', '魁省', 'sci', 'qs', '48', 2027),
('麦吉尔大学', '魁省', 'sci', 'the', '36', 2027),
('阿尔伯塔大学', '阿省', 'sci', 'qs', '102', 2027),
('阿尔伯塔大学', '阿省', 'sci', 'the', '96', 2027),
('滑铁卢大学', '安省', 'sci', 'qs', '72', 2027),
('多伦多大学', '安省', 'social', 'the', '24', 2027),
('UBC', 'BC省', 'social', 'the', '29', 2027),
('麦吉尔大学', '魁省', 'social', 'the', '40', 2027),
('多伦多大学(UTSG)', '安省', 'overall', 'qs', '32', 2027),
('多伦多大学(UTSG)', '安省', 'overall', 'the', '21', 2027),
('多伦多大学(UTSG)', '安省', 'overall', 'usn', '20', 2027),
('麦吉尔大学', '魁省', 'overall', 'qs', '30', 2027),
('麦吉尔大学', '魁省', 'overall', 'the', '41', 2027),
('麦吉尔大学', '魁省', 'overall', 'usn', '68', 2027),
('UBC(温哥华)', 'BC省', 'overall', 'qs', '45', 2027),
('UBC(温哥华)', 'BC省', 'overall', 'the', '45', 2027),
('UBC(温哥华)', 'BC省', 'overall', 'usn', '42', 2027),
('阿尔伯塔大学', '阿省', 'overall', 'qs', '96', 2027),
('阿尔伯塔大学', '阿省', 'overall', 'the', '119', 2027),
('阿尔伯塔大学', '阿省', 'overall', 'usn', '164', 2027),
('滑铁卢大学', '安省', 'overall', 'qs', '113', 2027),
('滑铁卢大学', '安省', 'overall', 'the', '162', 2027),
('滑铁卢大学', '安省', 'overall', 'usn', '199', 2027),
('韦士敦大学', '安省', 'overall', 'qs', '142', 2027),
('韦士敦大学', '安省', 'overall', 'the', '201-250', 2027),
('韦士敦大学', '安省', 'overall', 'usn', '309', 2027),
('蒙特利尔大学', '魁省', 'overall', 'qs', '162', 2027),
('蒙特利尔大学', '魁省', 'overall', 'the', '150', 2027),
('蒙特利尔大学', '魁省', 'overall', 'usn', '193', 2027),
('麦马', '安省', 'overall', 'qs', '174', 2027),
('麦马', '安省', 'overall', 'the', '116', 2027),
('麦马', '安省', 'overall', 'usn', '150', 2027),
('女王大学', '安省', 'overall', 'qs', '179', 2027),
('女王大学', '安省', 'overall', 'the', '301-350', 2027),
('女王大学', '安省', 'overall', 'usn', '415', 2027),
('渥太华大学', '安省', 'overall', 'qs', '228', 2027),
('渥太华大学', '安省', 'overall', 'the', '187', 2027),
('渥太华大学', '安省', 'overall', 'usn', '264', 2027),
('卡尔加里大学', '阿省', 'overall', 'qs', '249', 2027),
('卡尔加里大学', '阿省', 'overall', 'the', '200', 2027),
('卡尔加里大学', '阿省', 'overall', 'usn', '208', 2027),
('维多利亚大学', 'BC省', 'overall', 'qs', '370', 2027),
('维多利亚大学', 'BC省', 'overall', 'the', '301-350', 2027),
('维多利亚大学', 'BC省', 'overall', 'usn', '417', 2027),
('拉瓦尔大学', '魁省', 'overall', 'qs', '526', 2027),
('拉瓦尔大学', '魁省', 'overall', 'the', '401-500', 2027),
('SFU', 'BC省', 'overall', 'qs', '312', 2027),
('SFU', 'BC省', 'overall', 'the', '301-350', 2027),
('SFU', 'BC省', 'overall', 'usn', '149', 2027),
('曼尼托巴大学', '曼省', 'overall', 'the', '501-600', 2027),
('萨省大学', '萨省', 'overall', 'qs', '411', 2027),
('萨省大学', '萨省', 'overall', 'the', '351-400', 2027),
('约克大学', '安省', 'overall', 'qs', '322', 2027),
('约克大学', '安省', 'overall', 'the', '401-500', 2027),
('约克大学', '安省', 'overall', 'usn', '530', 2027),
('康考迪亚大学', '魁省', 'overall', 'the', '601-800', 2027),
('纪念大学', '纽省', 'overall', 'the', '501-600', 2027),
('圭尔夫大学', '安省', 'overall', 'the', '401-500', 2027),
('卡尔顿大学', '安省', 'overall', 'qs', '781', 2027),
('卡尔顿大学', '安省', 'overall', 'the', '501-600', 2027),
('TMU', '安省', 'overall', 'the', '601-800', 2027),
('温莎大学', '安省', 'overall', 'the', '501-600', 2027),
('布鲁克大学', '安省', 'overall', 'the', '1201-1500', 2027),
('劳里埃大学', '安省', 'overall', 'the', '1201-1500', 2027);

-- 统计
-- 学校数量: 30
-- 专业数量: 240
-- 排名条目: 203